Anna, 2008172024, /hi 
Anna, 2008172024, /help 
Anna, 2008172024, /lottery 
Anna, 2008172024, /lottery 
Anna, 2008172024, /lottery 
Anna, 2008172024, /lottery 
Anna, 2008172024, /lottery 
Anna, 2008172024, /lottery 
Anna, 2008172024, /lottery 
Anna, 2008172024, /lottery 
Anna, 2008172024, /lottery 
Anna, 2008172024, /help 
Anna, 2008172024, /help 
Anna, 2008172024, /hi 
Anna, 2008172024, /help 
Anna, 2008172024, /start 
Anna, 2008172024, /lottery 
Anna, 2008172024, /hi 
Anna, 2008172024, /help 
Anna, 2008172024, /start 
Anna, 2008172024, /game 
Anna, 2008172024, /game 
Anna, 2008172024, /game 
Anna, 2008172024, /game 
Anna, 2008172024, /game 
Anna, 2008172024, /game 
Anna, 2008172024, /game 
Anna, 2008172024, /game 
Anna, 2008172024, /game 
Anna, 2008172024, /game 
Anna, 2008172024, /game 
Anna, 2008172024, /game 
Anna, 2008172024, /game 
Anna, 2008172024, /game 
Anna, 2008172024, /hi 
Anna, 2008172024, /help 
Anna, 2008172024, /start 
Anna, 2008172024, /game 
Anna, 2008172024, /game 
Anna, 2008172024, /game 
Anna, 2008172024, /game 
Anna, 2008172024, /game 
Anna, 2008172024, /hi 
Anna, 2008172024, /help 
Anna, 2008172024, /game 
Anna, 2008172024, /hi 
Anna, 2008172024, /help 
Anna, 2008172024, /start 
Anna, 2008172024, /hi 
Anna, 2008172024, /hi 
Anna, 2008172024, /help 
Anna, 2008172024, /hi 
Anna, 2008172024, /help 
Anna, 2008172024, /start 
Anna, 2008172024, /game 
Anna, 2008172024, /game 
Anna, 2008172024, /game 
Anna, 2008172024, /game 
